x,y
-0.5264808759190942,-0.6230224162626996
-0.47498878061267225,0.7364827660225695
-0.47498878061267225,1.0185183687080182
-0.4037309046205215,0.13177230677513685
0.6205501745620408,-0.29835780383936483
-0.5385859667191206,0.05787585168097209
-0.2357780414519457,-0.6669726301616725
0.0768462734822477,0.877915985199901
0.9253926919923401,-0.36468170379204756
0.38348860817290653,0.4328752515164529
0.9228732821529766,0.1535123869394126
-0.5458333640024013,0.633718094906571
-0.5458333640024013,0.7929500362504728
-0.488143291677539,-0.21011740502339493
0.6122875900896605,-0.6255058545699848
0.26387505386974364,0.15016001309585825
0.7562040895178432,0.026531929002973076
-0.7552549429974338,0.5844670210579606
0.6433818336751187,-0.28590630258541805
0.26115362908013995,0.840634318397828
0.26115362908013995,1.1269636066514335
0.734251616270071,0.06755393679027355
0.7007385170078717,0.018817941744770472
0.4510686106437247,0.1960910104085125
-0.09840634642824031,-0.4949004399168593
0.10062437477803421,0.7433760799049556
0.10062437477803421,1.0269454902196937
0.19262192592161553,0.41647758590595507
-0.3761613875834324,-0.40761762549290514
0.32683188967779886,0.14028393733326272
0.28642594184651915,-0.572748635706404
0.17113574359114425,0.5810585368958912
0.17113574359114425,0.6880360312981528
0.3698344761033878,0.10629121083171733
-0.517619061516152,0.659403798434131
0.5093815060131153,-0.834525980034363
-0.31598331862445783,-0.8180423939851595
0.6097862929567497,-0.3200579658233704
0.11223688062504777,-0.15234613790457985
0.059523484808808425,-0.7034237504375487
-0.4950661426612839,-0.728439070394644
0.8960500550825381,-0.24394753992255325
-0.2574939763481423,0.3871778262217511
0.060609033436169524,-0.6049621271372096
0.6945232574349121,0.5092130462803792
0.7898277449179743,-0.07553741802721481
-0.6413088979180059,0.5031171046029912
0.861552655511566,0.22260462270939319
0.32556913063141124,0.7311514121526299
-0.46429645484915394,0.41383106260337943
0.4079781073469606,-0.844914247028868
0.4982974298088718,-0.781690922778427
-0.7701405912956563,-0.2596493149659844
0.07155013943083,-0.4461909997036668
-0.0825535955786405,-0.0703760368923112
0.5519532503411837,-0.5050918355189677
0.6438570882917973,0.243499010167191
0.728424287619172,-0.09299670593463927
-0.39376284675727313,-0.39863475802116244
0.4963526700820222,-0.5912380782996975
-0.6281313632451573,0.6759777025400835
0.27451957073556255,0.49863742626427654
-0.28404027947607435,0.5165845214811331
-0.28404027947607435,0.6499236249913687
0.18060066852646406,-0.2366989572846252
-0.16520945824540512,0.019658242400400594
0.02540112928753202,-0.23057710172826962
0.08339895128545338,0.3141539108670608
0.554989076591307,0.18009759611759946
0.759579007977093,0.1890601599110191
-0.5683121023603097,0.043003274307183315
-0.7280258456316111,-0.6826683531863471
0.3942885741123776,0.8813992996185944
0.3942885741123776,1.1287831518731215
0.01642905556643215,-0.3524591247500355
0.5428501478944756,-0.2008233544371374
-0.4666670936275601,-0.21441862315433946
-0.7666695950487521,-0.5206736337153062
0.4578649267123911,0.5282161604828799
0.828261794407297,-0.3567249168252469
-0.11607793024886348,0.7963835448917742
0.8023470775568042,0.1565160475957914
0.9290669775994416,-0.36624697787284854
0.6249374394619633,-0.422969902075337
0.3642848415796338,-0.3347887465784638
-0.7179078957334302,-0.5517838224728864
-0.7319359975130648,-0.025854092351484503
-0.10430715515444611,-0.7143513207320455
-0.34813968643591764,-0.2392583841863718
-0.5079933519543858,0.49500374265234237
-0.3045992698643525,0.1351036697515151
-0.7277800790685167,-0.3127987645695307
0.8423046675302683,-0.41282401721776774
0.2163139626970605,0.8096901775858023
0.2163139626970605,1.0244958479959887
-0.1330130505319651,-0.23988323865387917
-0.7474703508485303,-0.3382934750861719
-0.01085448581140036,-0.1040194180849241
0.7887076716020709,-0.5606408633384175
-0.6471298235316383,-0.2578530223863573
0.27809164967566913,-0.6698739503075015
0.12965105763494367,0.5547555602219807
0.12965105763494367,0.8451051803464168
-0.6769190249649184,-0.5049975128988291
0.25672275739644035,0.4691555755533634
-0.8180086841527165,-0.11782700337860863
-0.10595279764061538,0.5704193236644091
-0.10595279764061538,0.790655065542615
-0.7096115631800974,-0.02470012331363125
0.1803159089048465,0.22795797897653935
0.21494867369537207,-0.17650698133613596
-0.6222228480222269,0.12988875048327642
-0.2879453677428927,-0.45617285632463656
-0.6524152541255004,0.6876343086279464
0.3956129701542417,0.6465732372867719
0.3956129701542417,0.7813378742869175
-0.4448165859773783,-0.23859028790908465
0.24676038158716374,-0.5402468246541041
-0.9008192709702498,0.24096604320580517
0.38856654413244174,0.7122877664799032
-0.17683081503725795,-0.08202792176086837
-0.6945769357875826,0.2512365061639379
-0.13935082252380138,-0.7154087801580093
-0.09482364019445022,0.8851160640893376
0.3046085517461983,-0.8880015335427696
0.47380031080266094,0.7113567221640094
0.483899121999396,0.8200664773028326
0.2166799592875015,0.9733253346911699
0.30059813888496234,0.933389052826914
0.1462551944559909,0.975160565207017
0.0940175113901649,0.7619615590595159
-0.2823147538962163,-0.7270651333303619
0.1871843467586043,-0.6992028580488245
-0.31371223368013856,-0.3483275782706885
-0.2086173960838662,0.22158669153382804
0.23820649645740488,-0.6284556087383892
0.491204983676766,0.8677794621133017
0.491204983676766,0.9789580179969469
0.44521987841193233,0.2925078395968941
-0.030619681306865543,0.005938736835578329
0.5987927781104363,0.6755942816530291
0.5987927781104363,0.788534274475043
-0.8209229469932671,-0.4867341498095137
-0.2271191946072344,-0.3824759886388691
0.9403683920130452,-0.2941216838802847
0.8610816491128854,0.41188420674468884
0.04124478043578583,-0.128892935573641
-0.6420308572538271,0.047817529664637926
-0.6167886837560281,-0.5434964832676883
0.5944868959591447,0.011727357249984749
0.29066106858976504,0.06848162369634347
0.6423954973130288,0.2505145782302254
-0.02353365078723768,0.19152957067513943
0.6743864827155643,0.25870491753898484
0.06613517348373588,0.010321584875802703
0.08614630445700278,-0.39820086879508865
0.10123449585783839,-0.820256416491469
0.5674140825155964,-0.29774715053693623
0.36979755333791364,-0.5516702266809967
-0.3864627632718858,0.259839154442304
0.4691671935822783,0.7051506068719717
-0.1992760360176724,0.007486297586512647
0.9663978914465803,-0.19635007903625779
0.12609739250812768,-0.019442586246627647
0.5303167037221137,-0.1719538623472754
0.2316103448117688,0.824618442622292
0.2316103448117688,1.1101339283109544
-0.3938462631918973,-0.6285589267291267
-0.01018284915482326,-0.9596451268662058
-0.5829930378525132,-0.013607300881381956
0.7747981787613578,-0.3325331009982666
0.5745885795235872,-0.6822002023214468
0.5679885057423419,0.17396092074674074
-0.4318185080582839,0.6865967758386684
0.8744563734961295,-0.19563086174767697
-0.3009746778693021,-0.3623807418230285
0.8775752106782679,0.4724806126327592
0.8633598492498826,-0.04656518386085029
-0.26455475109012494,0.7313513120771147
-0.31626499000152664,-0.5663946561616786
-0.3509725709758791,-0.8672628662037651
0.05038823497370193,-0.1076500138548
0.31807357727786023,0.9240658131036208
0.31807357727786023,1.05849100856464
0.24315738014419086,0.6901740763390887
-0.17690286016557955,-0.4425257900129407
-0.2874428656543875,-0.02611038222882245
-0.5086549608818005,0.6596772743893458
0.6798534629400981,-0.4232464095867525
-0.1752071656197105,-0.5700866340528352
-0.4646201774170551,-0.23196856973034086
-0.6506347026697532,0.05171684482906169
-0.10516074619023219,0.45844063539595115
0.07188463889357144,-0.7636271274880819
-0.504263247243433,0.5331236572508404
-0.504263247243433,0.6685800654421625
0.6123757257335647,-0.4537442468196351
-0.22014334646582245,-0.2641363106507135
0.5578370230293859,-0.3263287915949389
-0.6966671327753486,-0.40289500116654753
0.44931310225130194,-0.2864044460725126
0.8150746827080086,-0.04361830903377184
-0.7724120529158214,-0.5001179473392905
-0.4139781547089951,0.20090851091188355
0.08313890129485024,-0.3669957493722176
0.17346818624890759,-0.04011630055355497
-0.3849200824963095,-0.26210273941261253
0.644360619983797,0.6709265740865984
0.6642679404897616,0.19367379591077216
0.631757788062471,0.39338265288104557
0.2869434905008643,0.5411009550397867
-0.6817588013546505,-0.6690852557516485
0.4176905565551574,-0.16806993681415716
0.1392589095625556,0.06172221691193602
-0.8379425178203024,0.05044192747856213
0.9248175231970479,-0.11884180002529998
-0.66202466569412,-0.6081263285597347
-0.38185718925292633,0.6145014277486476
-0.38185718925292633,0.8372413160872547
-0.5514772122194012,-0.12708959717240398
-0.24938828086587783,0.8427791247691703
-0.24938828086587783,1.0121062592968795
0.09702434627729062,0.24533524236983828
-0.5563873292441059,-0.09541795258161923
0.19020806177807947,-0.29008225981828417
0.10305534571776342,0.3086914838340007
0.014732189208393809,0.3530924188133535
-0.39201435922654215,-0.06730974558346703
-0.43962747032103433,-0.33179714222227985
-0.0073890350276988315,-0.40307790664644005
-0.734634915586553,0.3548217577854025
-0.18913409738857712,0.14047230908010389
-0.23462102903662885,0.10700191692655636
0.5527737987362864,1.1212131739544438
0.3953864208018967,0.3123347033388135
0.1763686272139373,-0.4029412269425634
-0.37643018326127264,0.82287598165443
-0.37643018326127264,1.044127216698218
-0.9123200304724868,-0.38227220892037117
0.25104672896251956,-0.5586987811153352
-0.7468329167741192,-0.21539227660840754
0.214456264975863,-0.8150289687142944
0.886345689612523,-0.3106949141694588
0.6309716901582036,0.24495498108437097
0.5110707171559568,-0.33599781468225043
0.4321746756675615,-0.7502386763510913
0.23644062798278465,0.6993081783436252
-0.2209320561866217,-0.5341218158814272
-0.5109895172357006,-0.7046940644188369
-0.0845794674491136,0.05395090517238832
0.48849732406331947,-0.8288574469267991
0.0749787351797242,0.164614540732408
0.3146561218627073,0.4571411637024796
0.5797560043669383,0.6032717859420291
0.5797560043669383,0.8827444038398371
0.14082487946378852,0.27288789366167054
-0.5198753853557243,-0.517014650426606
-0.1436193684783582,-0.7559121636677955
-0.5592156657625613,0.036244721193441354
0.1908687087052401,-0.11179994196198861
0.7086830799504915,-0.023393241616692872
-0.2035972149083527,0.6557867088638099
-0.2035972149083527,0.7773002719786617
0.11170682932622711,0.5788626515344475
0.9612852856544303,-0.05317032408466238
0.19392886135028875,-0.16688846035021876
-0.49082393439782024,-0.8001203780556996
-0.9254101952838856,0.18007397408298287
-0.3369261510873507,-0.2016849602250781
-0.6573413464843303,0.6814506841876795
-0.04506612693833012,-0.9326451526796953
0.27291625005175213,0.4517095044099302
0.7090637238645929,0.35350678391195056
-0.5713260093693155,0.5368589987698189
0.5621288796545236,0.2401277891151783
-0.02182393702337393,-0.1355737430258135
0.3196582182723138,-0.4420149017933612
0.301494135712131,-0.8030240580613346
-0.059486184319647695,0.19223524515884316
0.2133348787764402,0.5416728738473657
-0.8300900725301632,0.3188351592477703
0.6127726846596668,0.7287927181541609
-0.13198092962263308,0.8930807606904587
-0.13198092962263308,1.0274039245313082
0.30881191427549615,0.35694177100466185
0.1775095320669784,0.8468247692167965
0.6218706408506165,0.40258315049628535
0.493810055109297,0.5758345969774621
0.493810055109297,0.854221764739514
-0.8535267901838088,-0.18871246341789516
0.7814348972645926,-0.3036523498830854
0.12874910315252763,0.007595485017306336
0.7984703444768151,-0.09189316329201014
-0.7822604879484514,0.4920131939543466
0.5025835636577942,-0.735943926212228
-0.298947266884658,0.3944591916381679
0.7819361647723926,-0.02124644379334839
-0.013905214667506938,-0.8846346652719814
0.15092548108233972,0.7013382934758052
0.7183123789427444,0.571267511894294
-0.2546435729694263,-0.5123587567099595
0.699132219880876,0.6967287446176871
0.15669143573452615,0.8907080940152845
0.15669143573452615,1.0681398771426338
-0.3664976862029419,0.43857383781104
-0.6803115485059619,0.19652085518064744
-0.2330061540317676,-0.431646917003482
0.7963303074720771,0.1984707071299474
0.6207231582967723,0.2872865029396954
-0.27932278889863627,0.5656431197329264
-0.7579466898128955,0.09897629972253164
0.1301736739290198,-0.9392325634102192
0.5500144586803015,-0.7571694635530073
0.6597085386994419,-0.4929761868377982
-0.6228069325484569,0.5933939210928982
-0.1455863405869624,-0.28109266836499014
-0.39683281332312403,-0.4950397069513235
0.10103235469374061,-0.5681968609291672
0.4062889918880379,0.03499146955277821
-0.13825179186729186,-0.15282614345208834
-0.15762117761830519,0.9640805327117286
-0.3147358367882369,0.5078582748687288
-0.3147358367882369,0.6433572507172746
0.22912075370837326,-0.8902580979284724
-0.1322886684249045,-0.13787958794821886
0.7481714393670109,-0.4239867871618188
-0.4112702719190977,-0.6238277075061698
-0.7964088641608991,-0.4103260322697724
0.5250034206582528,-0.14485956526023358
0.0394858705127783,0.7857910754525255
0.0394858705127783,0.8900854160811349
0.7599889546911822,0.5632807233613508
-0.4146725922886745,-0.11441851387475754
0.5569127347874396,0.7393774988058897
0.2606692996663196,0.8227717772175742
0.33096245119308865,-0.07191109722760425
-0.4550693467470941,0.3874892484142167
-0.023832497245201978,-0.8494771350912358
0.7833837364165275,-0.2857292046277804
0.8725463741723605,0.18080509248611687
0.5714732308837371,1.2552841209672445
0.5964108494413285,-0.09990043215739108
0.992652354703693,-0.08014119835219535
-0.22286048256674063,-0.7005854687097459
0.4340721751307448,-0.8100982827492806
-0.7419789698718586,0.606485357624414
0.14917448668226463,0.2923588970738078
0.7506485039174775,-0.26178622435544296
-0.631285937531876,-0.6049924162114868
0.6839748947601354,0.13902559252634528
0.037931318085235866,-0.43160735309986054
0.3875038166296252,-0.7522313202162234
-0.9109551759801873,0.2516148591193037
0.17103314402435932,0.23010210579694124
-0.4195266430206668,0.7256126619995844
-0.4195266430206668,0.8464042023225515
-0.15729890014200998,0.7697444302161152
-0.15729890014200998,1.0213472388626441
-0.9524413194346044,-0.14486963123670527
0.1569421394079351,-0.8616443299875136
-0.4021027266580599,-0.14404961185614074
-0.4198195711506614,0.08357715227074602
0.6294506110288742,0.49576227298123365
-0.4928264321971303,-0.86627225318661
-0.1803878962392651,0.29438525857695574
0.38891362817323216,-0.27392894633427467
0.2248331434086892,-0.531966960403558
0.427003772644609,-0.6509569424764152
-0.5130076069913945,1.0778354879478604
0.34950148613857657,0.7794608057029715
-0.8474404690279427,0.1978237297181753
-0.31619017177671527,0.1971788034364952
0.001169036266575274,-0.06480365123699428
0.7100516176257847,0.6160417574651236
-0.9590261494677015,0.23809042919070467
0.8479018182484896,-0.009099960879561664
-0.18182203225408045,-0.34922698349203096
-0.232666606905515,-0.8362309965333674
0.17592679393532906,0.5010020008763034
0.17592679393532906,0.7220461164538535
0.22187563522461207,-0.21587530061331162
-0.7960361346709459,-0.5443170527763728
0.1803995494095314,0.5263837711971087
0.1803995494095314,0.6428560446851262
-0.09584624624587335,0.8490030669649993
-0.0908828080754085,0.94435589293809
-0.0908828080754085,1.1872156803688798
0.3173698298109868,0.7371789936959396
0.3173698298109868,0.8508481448684695
-0.33048935803651025,0.932020290655589
-0.33048935803651025,1.0662789838994329
0.7008053887970704,-0.5166802173203087
0.7888804709667938,-0.11842121302609043
-0.039194570388088046,-0.5920515769498449
-0.06837262552786671,-0.0877164377462154
-0.657522009750918,-0.3248069102637745
0.35441763856246333,0.9227063715670079
0.35441763856246333,1.1042431141929194
0.41063757956584723,-0.24365956005737743
-0.4237625321916081,0.533961126679602
-0.4237625321916081,0.7069485929653938
-0.5254773372438357,1.168260414938294
-0.4426237545034857,-0.3836119581423836
-0.8496820831746736,-0.4073130695504994
-0.729602415489436,0.5782515044002354
0.061202998393918184,-0.5047301978608099
-0.9263899829394391,0.33752613333461046
-0.5583920634959005,0.34522966777493025
-0.6052191219490928,-0.45207724598048027
-0.391886817711673,-0.6571636722712426
0.4317167907312034,0.7772174749604339
-0.4286574957607847,0.795677335332535
-0.02419142699608301,-0.5011198991838695
0.500296178573532,0.49238284614141703
-0.6658974474606392,0.02042965212094283
0.8537430479880432,-0.04446075539624772
-0.39871437982117897,-0.09907216903987504
0.949417512532839,-0.0986743118805129
-0.8857210535926439,0.13083064748125728
0.07059578618134776,0.7875717389460926
0.07059578618134776,0.936325849392033
-0.3573510007313456,-0.5711375889016845
-0.15608737307513354,-0.7768035805415354
0.7930806476726691,0.1889854042653849
0.08574521485005238,-0.8257636307455185
-0.01181937469876937,-0.894812365682254
0.4988067147542914,1.1166539470143102
0.382912687628556,0.17325686333359336
-0.16033804415495156,0.46876596392543446
-0.4845937939319309,0.470908550576703
0.33221959140862145,-0.30210642331935356
-0.06574151973743758,0.11364687846834753
0.06062752449505027,0.7705981979936154
0.03669704143843755,-0.9823758193444752
-0.5101429245994633,-0.5664767172711245
0.21687354215098287,-0.29098135397140057
-0.4864213386179903,0.13540322796267135
-0.6715936860799163,0.053353153603682646
0.33169620899644703,-0.2926076493471268
0.9264586399810262,0.1576530358988839
-0.0033296367819339867,-0.5276797905892028
-0.2599126252944757,-0.006725541023793191
-0.8703100510497845,-0.15171755843201407
0.6780068561192878,-0.5906410075492716
-0.8776142577091715,0.3397508114031542
0.9748825858432932,0.16377431214881888
-0.07054183615935794,0.5197933003801221
0.014435507406405312,-0.18276872352089657
0.4007703353478622,-0.08196197108127423
-0.8730337233943763,0.22115519761675118
0.674326716634339,-0.29960504373854935
-0.0066380568518511485,-0.6512144063828604
0.3478402961594582,-0.1340398179893183
0.8014828288334888,-0.4091941795917038
-0.14495457931450995,0.140638580539461
0.5032570016657159,-0.3362833089632091
-0.572960250780127,1.023852268722982
0.10500125996664456,-0.4057221786028784
0.1976353049931865,-0.316678994923385
0.3401555371111642,-0.06997903134292316
-0.21927295977865757,0.634157225552356
-0.21927295977865757,0.8034421895614
-0.331174891681981,-0.2725544832268625
0.20859401666449662,-0.9344628271296305
-0.7110500999634806,0.1964060615432004
0.32946878716687555,0.03634340894228516
0.7344592928304756,-0.44604241784232457
0.12472181144339234,0.14736968724766197
-0.6137685026799498,-0.27513308507876677
0.6262606624634237,0.15507670056022627
0.658921667355989,0.7026020247078304
0.6082326937666247,-0.035280636203880666
-0.670166122101238,0.500289586563764
-0.20025141916283862,-0.7465543973003297
-0.7327268044906767,0.5453021872828343
-0.507573695301313,-0.6762654407042858
0.7136566602557382,-0.2616953557523305
-0.36947452633478184,0.9267510502040821
-0.315789626237591,-0.3353563619945308
0.1628939022630833,0.10838053366511646
0.21363037159266152,-0.6420507247070717
0.238717339683145,0.914667131741804
-0.13525224780662692,0.8761957009760764
-0.2991632810006355,-0.24761305873494144
-0.29619032667702694,0.7236455030138471
-0.29619032667702694,0.934876836550313
0.3156077138688649,0.581254105579587
0.4261305951862058,1.239721821547169
0.292269457721942,-0.9507349001469747
-0.3269907635600522,-0.04271779197489778
-0.917523294840318,-0.38444418102044753
-0.17395337666436017,0.07631558207180444
-0.7935740989744999,-0.5967035588338268
0.06600198043939942,-0.9804852631888243
0.5051381320725976,0.8383248127230007
0.5051381320725976,1.1092358733524126
0.13212760933958667,0.48554559568434263
-0.8048144211524109,-0.28694066529165885
-0.8023375866253541,0.14748316488167323
0.30714263461218816,0.35560632582188134
0.7343009686787945,-0.5788052335480389
-0.6237792948966854,-0.7730740726851903
-0.08755415811225076,0.3842819362623042
0.5204205503136556,0.49753085419873844
-0.34022049916683406,-0.2693658388996276
0.3661905157279588,-0.35766524189483917
0.4234050071872202,-0.19521931404272297
0.13151527852221312,-0.9579495900860775
-0.25456689355809403,0.7190691937833487
-0.8927359854929826,0.11259730623271613
0.05515749378398671,-0.6942446295625992
-0.6751324859307024,0.38316104603001655
0.24541610724063578,0.495470933239309
0.49856915561302695,0.8358934725529064
0.5063314534718071,-0.09164859219457133
-0.16750216457849643,0.2364535335350375
-0.2578409198184948,0.48134974804457853
0.11722099358276972,-0.08766235788167243
0.2579160966949503,0.8569671392947662
0.2579160966949503,1.155775054932315
0.6650567689832103,-0.1111809344107586
0.5684854463217373,-0.2877972857545428
-0.4650968535894373,0.44257701425500917
0.8065570018213291,-0.2768842279545294
0.8752701899319708,0.3259379932193871
-0.39243093179401267,0.5706410929668031
0.06128458586964913,-0.8238131877481079
0.12904751128716918,0.20404703179975625
-0.31388875525552695,0.9426113696013536
0.4373147241914457,0.16539134381307496
0.32114169616380184,-0.4901494059305329
0.2057465662361755,-0.4713750962822869
-0.35507475255011123,-0.7190045404766994
0.7179334834976991,0.17290075862728194
-0.4195037105032755,0.4904985751031097
-0.06790833766471938,0.8878356073412255
0.3512898203944472,0.033714179206791206
-0.4966179694666075,-0.551591468673245
0.552910445280228,-0.47899309252716105
-0.24407931916823777,0.19495164393287667
-0.5216342945986328,0.273557246248328
0.4953596277202359,-0.49434384724011626
-0.07532907339152772,-0.5822911876914305
0.48174666807438626,0.2049558990086362
-0.19225569275289467,-0.5667682294760568
-0.5771934938700041,0.6460524594787318
-0.1566165900161336,-0.9459961058196096
-0.2834005807571067,-0.7288969979153554
-0.17221995221010955,-0.6607723775333154
-0.05882895975996938,-0.46035700481981423
0.35408689067492327,-0.23395021784146564
-0.6513031483929377,-0.16784959797814514
0.8805345433522023,0.12395976190554991
-0.01678647576204262,-0.5221464883419613
-0.4776871081491738,-0.8334308666299104
-0.7208110999340762,-0.2435655136642212
-0.8562320717047671,-0.18595044625157553
-0.3531189275676956,-0.6683497329518007
-0.33919817897170734,0.32335735090615336
-0.05111259034762261,-0.5062477050387284
-0.021907355763185254,0.007073674244079342
0.19361735039612626,-0.7889937336448147
-0.2231220876570874,0.9519692677317675
0.31432419149880175,0.3373372059528452
0.5845899269969064,-0.29529782630143453
0.15596244075925147,-0.5750225136105931
0.7856157475649017,0.5883356432364371
0.6827745079385277,-0.6927585866690562
0.02377824530836259,-0.7147876173339869
-0.27402236451372364,0.8366048730866484
-0.48507936499962256,-0.7343508976706743
-0.3466924969339029,-0.8007208794839056
0.201710263022157,0.3335157836181384
0.6927671617678048,-0.39452147709660346
0.3607580488153701,0.11998373372292148
-0.03958256255888082,0.16517112474099838
0.5700867635013256,-0.628153136489483
0.9269559318912877,-0.19997539225679284
-0.21626446838803748,-0.36178577350734575
0.3551840541996787,-0.7418610256966951
0.25098207169994224,0.03627442254954416
-0.6258305460987621,-0.6105172201038314
-0.081269113253845,-0.10192195201310139
-0.819283449275946,-0.04960314976788127
0.9135789289258147,0.004471020664212899
0.3377636009372813,-0.926014790921982
0.7094735531152678,-0.4525498177632763
-0.17267807304303928,0.0913451557450149
0.8592792465707568,0.4091459497235914
0.22794351948717306,-0.8778660237158031
0.21115187171547967,-0.673526529826884
0.13439324902341698,0.37245260815670744
-0.2110601404114869,-0.22935203283619954
-0.7424519894089652,0.13673293079395976
-0.7841526519929323,0.3070129430535333
-0.027407634331164887,0.7021028505392208
0.6963624252679388,-0.3495248935011528
0.21684112643468234,-0.819148152775756
0.01601343788821108,-0.17588866916943235
0.06620253965784073,-0.34834546824086887
0.41754302181119374,-0.38016927090388086
-0.5529401515324437,-0.6624702617703018
-0.649497601441394,0.7476145852001364
0.7579477203639426,-0.5317156984344336
0.554286924767877,0.4745844874491769
-0.04892353875188271,0.8793283179658362
-0.04892353875188271,1.0137482742385784
0.635317937024849,-0.06463247404740824
0.013253842382040748,-0.4781741929187142
0.9453254859499511,-0.1153811037764283
-0.4085980485545875,0.18036494173477213
-0.9940237936018148,0.014761178396788255
-0.3813236867495342,-0.8038814174148026
-0.011316678218153076,-0.5203873934601626
0.0032946570360004035,-0.1407109512559115
-0.23153869643297353,-0.9524573007941213
-0.4755276675597411,0.6405743432761808
-0.49272728229305573,0.3266927107030695
-0.7465463157094112,-0.25624591367258454
0.7674940236858321,-0.26804445451313197
-0.5179121019541828,0.8008736369912517
-0.5179121019541828,0.9624970068574068
0.7797756655550181,-0.5593010319048728
-0.1312406465026954,-0.2124718773584906
-0.5152215608328088,0.8251642987286494
-0.5689179664408157,0.7301942413813709
-0.5689179664408157,0.9204270158563208
-0.07861006223190659,-0.9506020535709678
0.16197016824974186,-0.970857945821884
0.25790971393871565,-0.03372230381767638
-0.056458346070809906,-0.8286621242709544
0.31065276144631926,-0.031359001340484305
-0.5445470235606016,-0.7515459692554576
0.32087532140983477,0.572207608133696
0.32087532140983477,0.6996039535195733
0.2976723422617804,0.7434255479775189
0.2976723422617804,0.8622273571497527
0.5426606480794822,-0.8161065500039408
0.1720028770280737,-0.03689592825358057
0.6526030252208241,0.5040261747484145
0.04184727047223813,0.6540349046003815
-0.6699991329313928,0.13547043423745442
0.33403643119963156,-0.7778796212666645
-0.1830584841775531,0.31371193024236366
0.5250259380344144,0.13667740056629962
0.5557467843211079,0.050159762109514894
-0.8431927156180565,-0.040572885662183644
0.1702544114002673,0.907919767105168
0.012186323936328902,0.3180625442469178
0.37822158504638326,-0.3402499322272585
-0.487419022192646,0.6157451165616201
-0.487419022192646,0.8454095770665404
0.22128341251617156,-0.2362640491482615
-0.5026163821526404,0.14264192114003715
0.6130195830318372,-0.31471247699675975
-0.9554208111033229,-0.14188621764566256
0.9904814955463872,-0.0328468239177806
0.1900015528119221,-0.3100482581872468
0.10632419453139264,0.11486055440682796
-0.5220937274293163,-0.17008205911072238
0.30360093638652774,0.6535456210819279
0.2092166879337205,0.9122396784470876
-0.643689233440262,0.46719897008098643
-0.8205068060826397,-0.18327671562712466
-0.502331849904657,-0.22329481497350878
0.710081531587484,0.2451686197229559
0.7567604868402791,0.2797582297594574
-0.4740316432059517,0.6288816866097637
-0.818584188372987,-0.20365990324506966
0.177157761320629,-0.23997350737204082
-0.2903236540589529,0.91150979024137
0.41859816812184314,0.16366724737487348
0.05953849249831822,-0.7397260870404578
-0.324699208428763,-0.8003588136009068
-0.1327731431579937,-0.31741660073465483
-0.3854201017930634,0.7932503228034782
0.7418731443246958,0.2743119149320954
0.16112737343112715,-0.5626131995518768
0.19383636336877919,0.18116043118154668
-0.44571738740608113,0.7728858974709369
-0.44571738740608113,1.0180273304104959
-0.17002373285338757,-0.5669753711388781
-0.7639413086513056,0.5875724412920116
-0.5852699644689889,-0.6600539151537925
-0.7850447727937346,0.029716421784917735
-0.6526237154933214,-0.32681090073567676
0.09032595805942312,0.4248536034608863
0.7133698564091766,-0.47563578484517977
0.24072658666955493,-0.5238430894331301
-0.17401582326959497,-0.29816983116824924
-0.2513320790275533,0.15901946621012897
-0.12955565619314302,0.12411400068524903
0.05516270183591465,0.43955669826406396
-0.4144975081909086,-0.45507954884234336
0.5072813948224222,0.1346507253808853
0.08803918043577696,-0.9013508875459624
0.21661234473565005,0.1943195634635133
-0.4107372111415244,-0.30496042375695853
0.9397726461327172,0.14259963898805106
-0.08367236928594157,0.8462237975184741
-0.08367236928594157,1.0990193937047517
0.09512617687730685,-0.13159534326647826
-0.8218210981700769,-0.4537226624324662
0.663619086916857,-0.05201030688601738
0.768778817269772,0.11925615137817625
0.5581865414549081,-0.36534477950732414
0.12910075313619673,-0.1076668967969896
0.5121042426985343,-0.6553786894592648
0.06947753226208331,-0.9675768312213313
-0.7040219589822421,-0.6956678107867198
0.7437442899241846,0.08918493552431261
-0.02136563647239842,-0.9672416192115254
0.03685628620241199,0.42729693661462753
0.9680763651597495,-0.10183942097936804
-0.2556286356798596,0.10980502856646734
-0.4930922427469686,0.49145409448808897
0.17013156959902576,0.9253106932665323
0.17013156959902576,1.033403067971799
-0.49814401049355994,-0.3907226898335079
0.8126120794126468,-0.2038089747135492
0.2447946321439307,-0.2814052645006797
-0.0565535094719698,-0.5299873323222817
0.5137259589568697,-0.36549025924317946
-0.46177456099501724,-0.38427832540918927
0.6024738496730044,-0.46264100785871864
0.48508050833733374,0.062012236007507715
-0.5149443677147052,-0.01152992045759893
0.3169040288501934,0.3650896317466026
0.41573046889361676,-0.6980051434305758
-0.954919979479947,-0.12872155235389093
0.646759111104869,0.5500597963729608
-0.39309388420751423,-0.11228283803353656
0.15524284426977997,0.3168557904322469
0.8040712249767632,0.24713324060335307
0.45119112527032623,-0.8790505649530027
-0.46966611139593617,0.8409168143280252
-0.46966611139593617,0.9901866760351883
-0.11772974291355864,0.3564598907070087
0.44381954791865086,-0.8906534285647305
-0.9566270622999951,-0.23995846163334145
-0.6972958801042375,0.5989372926007723
-0.7585842908667972,-0.1440222405800209
0.2989916700249238,-0.5786236502721196
-0.7549963772407975,-0.38259939784538255
-0.03217030237266405,-0.8106710490873763
0.3943949420116648,-0.7262819896048427
-0.3100221303241637,-0.6404536917389303
-0.034198036134954535,0.7682359737887181
-0.2800498928774331,-0.6085002902244419
-0.5387426296407651,0.015123686198777797
-0.0403445856123863,-0.5004138663416642
0.08974594738287522,-0.7368831929498387
-0.571664680690936,0.6959721049528604
-0.571664680690936,0.8200833737736227
0.22691376007520092,-0.36885240590779533
0.6333042013871943,0.3430238756112012
0.16715075747882668,0.1605099679314117
-0.9145313167477354,0.01631970679746564
0.30433810860729094,-0.5114055738618173
0.7259432313560399,-0.6746046353657202
0.29917166768314774,-0.4677767908023578
0.6189153198597703,-0.2559419468100099
0.15351758086948708,0.8101932225113853
0.15351758086948708,0.9966909890793361
0.3004408226443005,0.9431529498554154
-0.4528574374873482,0.3278162630938475
-0.4249946848661983,-0.45570037878119996
-0.665512585311073,-0.09381841645594924
-0.7333318793930867,0.5727826392427018
-0.41175011679808593,0.06775686846385676
-0.09457939003237037,0.5953366119605512
-0.09457939003237037,0.8951454173420765
0.47650680690344305,-0.19300074109015397
0.25233194833565675,-0.07194894885369685
0.6825602732602765,0.5505649096199723
-0.12161896357591329,-0.507965730426108
-0.025396583653449323,0.4545180609943902
0.7123488063493175,0.08716678412955292
0.3215262475262126,0.22797718106269693
-0.14889205593423993,-0.4532960797935268
0.23675806590539583,-0.48378191344199606
0.04574702633320826,-0.025408518123549717
-0.8028298562313458,0.46128793968926685
-0.5210497907353209,-0.44495720198918187
-0.057152916634744866,0.3484838362202123
-0.7840576665954728,-0.20954489685129896
0.23614932643207753,0.35531151629412183
-0.6315640552873851,0.4231967746169256
-0.6973950942238774,0.6771500944289663
-0.5099966256341801,0.40515277389101323
0.306118586487224,-0.48570568087259636
-0.7551868506936172,-0.2837452597027692
-0.2079446358732162,0.39191998986394583
0.4231076361537629,0.321211284973018
-0.3916274588204949,-0.7760667255485469
-0.5153508442222106,-0.3081989055581642
-0.6086552570760826,0.4053373527336681
0.6659031640244257,0.27458649658819967
0.7803309426512604,0.3501502520997377
-0.6658434083366054,-0.023323711287984494
-0.9385692097928153,0.18978394605498972
-0.6360416951231096,-0.5257382904959762
0.20112786337273292,0.08077729733027494
-0.9105859082369254,-0.30251057371798007
0.14860045359163632,0.749140421594007
0.702027297303923,0.05113323587195007
0.10245090461155448,0.3975486626322893
0.24185043421893537,0.2017554512122035
-0.3943596379807097,-0.4134485256075553
0.6820809078306387,-0.0190133725565087
-0.20803883678197788,-0.9169278807854717
0.6001881893539771,0.3133892775305369
0.608261118661066,-0.6212939973720024
0.30640636707515245,-0.19114545206397815
0.24685077034036773,0.6219552089546192
0.24685077034036773,0.7452583226295938
-0.14458964263539098,-0.9075095816777952
0.5418349354557628,-0.2307284723023193
0.10990662580124111,-0.5433993733287019
-0.41658344251885215,-0.17936639796317233
-0.4179853608285138,-0.6048056149485364
-0.5008959711688905,0.13349844551383128
0.05080881379831137,0.20974975825118203
0.3647497452679016,-0.8396403699590789
0.3010360690335854,0.02111568661682428
0.7676069059546844,0.08536026998868329
-0.876017854413556,-0.41004203200992806
0.3546942916460436,0.6592474921972187
-0.019053469164311165,-0.9345883117761797
0.2288348530039972,0.7800630112412406
0.2288348530039972,0.9164485792730197
-0.5136848023016749,-0.05245625354496064
0.23227078041484361,-0.21610433263323325
-0.2881102164191631,0.3325924612287219
0.543120335625809,0.10622929118036883
0.4712457184741279,-0.7016725634550518
-0.450925427700527,-0.869953049692066
0.5011855718330076,-0.8231645831104206
0.5294672495520458,0.7408253054807936
0.0018563836765626007,0.09077870201168659
-0.34079350319531376,0.38675830486342067
-0.48030812977446513,0.70831940633286
0.5841529046800362,0.048808009573084066
-0.947446634940212,0.1317898260364312
0.06150277035420748,0.6696950345384982
0.06150277035420748,0.9023363189086833
-0.7441143303553934,-0.5503478148679088
-0.1429854910816677,-0.4174684457677382
-0.9417450143262098,0.1900252332689385
-0.16832309150365266,-0.1901406941299988
0.5442210781062728,-0.05712660455962415
0.38534642870667923,0.9134555579639745
-0.2904886240169111,-0.8556226782615448
-0.6833264530204555,0.17393545132632604
0.8597010109351135,0.19048603484644588
0.70296964248006,0.06371393885774612
0.5975173569523495,0.2132919242778042
0.5646751187356456,-0.4128620490475565
0.12297146932109926,0.4302560440119765
0.07694119168808244,0.9337421211359049
0.07694119168808244,1.2149741664231282
-0.6438309179407626,0.3512582659801158
-0.8106556020806188,-0.28263922834011246
-0.25753484412758043,0.15149539785787725
0.9601597775994026,0.03250187133811533
0.04997437710219632,-0.22712716375756115
0.5146099643136759,0.7671743004450586
0.2574154226146468,-0.7767010645885946
0.16745034307357942,0.9083615548035731
0.16745034307357942,1.1963677402943675
0.06862273635988658,-0.4331960023516763
0.06927804706342444,0.5900450731012348
-0.07188557873305967,0.3843468926022524
0.8351159387444018,-0.5076302981525276
-0.060407549318066245,-0.8877922835038601
-0.08609571313906694,-0.3259052305226551
-0.6181814199136897,-0.3551156374044877
-0.08181460447597622,0.4642872843155317
-0.6823176576061074,-0.5650711484473419
-0.32449365200171854,-0.8377301753596256
0.6577235318797994,-0.033937812396261036
0.3177148140111763,0.1290449903553197
0.3354214602151373,0.10748037249906783
-0.4125656489696916,-0.816380461475396
-0.11526363050391986,-0.4310785693761816
0.06509626206848051,0.2730300865982904
-0.7733140404585821,0.3472284108024166
-0.27905109055888366,-0.7035343492413055
-0.5753926243657319,-0.40447565955305786
-0.15210639638478107,0.39745064658922513
-0.33503906874504064,-0.07481311239811994
0.5961187694660077,0.08584261913468372
-0.4539131348043812,0.8238988357775294
-0.4539131348043812,1.0739890615068197
0.1601919722407421,0.3450524223465423
-0.44979012473580915,-0.8081935468244708
0.015358678959372485,0.9063080057798143
0.43638573596072905,-0.13843147775728526
0.22131266673389893,-0.7916107198524092
0.8250052603393303,-0.18672139848776936
0.36666439622661073,-0.3720704810673956
-0.16233656405255026,-0.08532090622247646
-0.4251627739712842,0.7243649073915754
-0.6964431384555032,0.17667724131083618
-0.8739801605973885,0.2800115990951675
0.6802560745372335,-0.5807950628916188
0.5290613819973511,0.18731115368613405
0.2631062039569616,-0.7232124822012844
0.037808299068608164,-0.4633938872355243
-0.23481659177848813,0.5158876903774925
-0.49634296615258133,0.8275618479801088
-0.6263913291103165,0.49571808883749613
0.26062924099267604,0.7630192289859432
-0.4333679735330609,0.3927243128950615
0.06919217363266439,-0.09989575312531995
0.4555686121457807,0.2864975533194314
0.3002366825329026,0.8546869460380855
0.3002366825329026,1.0684636971923966
-0.1818622752508925,0.3704377049922807
0.4203248826302479,0.9032820334431244
0.4203248826302479,1.1427373384593067
0.25501013583713794,0.6176958774368806
0.5869968550961386,-0.09792189779616023
0.2709461102488402,0.30883400374903736
0.42931550419713727,0.7464445871547618
0.42931550419713727,0.8542780276550979
-0.496486443469893,-0.6671472124026823
-0.8479137937612433,0.3912495069486728
-0.7080631335369787,0.4583934330346391
0.3511680904923762,0.8304730175506561
-0.3365095875414792,-0.31458223795497564
-0.4035823953083164,-0.18261781518761477
0.4190362401916239,0.5709502306089849
0.4862338656094627,0.233967242776431
-0.5277770431794633,0.43568966511002105
-0.5679824259946005,-0.4359696811702889
0.7286576223473824,0.1697330489653468
-0.7477253515190461,0.5393766613469722
0.7250092091709115,-0.5261104922231978
-0.32507134589437436,0.5748889360374612
-0.32507134589437436,0.821812235665488
-0.13273229810773612,0.6296672619966177
-0.13273229810773612,0.903541650757161
-0.3879342141695392,-0.2893726545974027
0.3146509809590945,-0.21013148626592293
0.0493069909936521,-0.7514581233706379
-0.15086693652440641,-0.08826314972697258
0.5822599870720231,0.5362293543031904
0.17645888890243877,0.037319506089966925
-0.9200668291104979,0.343979421565501
0.9009475328334255,-0.20483617269757848
-0.23206932825878512,-0.9644812026068368
0.3967343428322825,0.8264484895276205
0.3967343428322825,1.0187764104429795
-0.7224987548768329,-0.18139762464464493
-0.5994878453648973,0.7220062072665885
-0.5994878453648973,0.9176578855096228
0.4792671013564722,-0.7513253008917673
0.6713681126347131,0.6391097069579037
0.7377242166965363,-0.12118562276759337
0.19301907414307817,-0.33710629991742835
0.34110219654376994,-0.11332626428136328
-0.01650334241295015,-0.7643122364786479
-0.23284025447200474,0.7304634430316048
-0.5941432814215906,1.0508873745560727
-0.6324243369725053,0.449677119536638
0.2037192105629353,-0.6671515498520073
0.02037052704786202,-0.7952892464117409
0.5936019634982248,1.026442490261641
-0.8876247376022495,0.32294128277072054
-0.06495289661227255,0.34779398327618005
-0.13399328129539922,-0.8894637673885775
0.8852518861972754,-0.11665488218831488
-0.26541063357185246,-0.8093643571799063
0.334411222911428,0.49757415203707267
-0.06645324768031435,-0.08777304560712285
-0.17499895918707065,0.2759669146213233
-0.4320197649169719,0.61973998820184
-0.0907333946539719,-0.5994303621541999
0.7027007723130607,-0.27895409592409814
0.7069984939434137,-0.5531630566686545
0.43938029564864833,-0.5426813347884942
-0.48162594595725383,-0.18526567130984506
0.0698396169776323,-0.8190553666274663
-0.3495921202473862,0.8848477158812884
-0.3495921202473862,1.1056739115866148
0.5635511028310918,0.11867640291985593
-0.20004418181667805,0.39565865746666296
-0.0461821766043502,-0.9684844528092329
-0.5706197019217425,-0.7352040671969167
-0.375415104702451,-0.22379372074445114
-0.26208774227323883,-0.9104980800721341
0.21344734498772056,0.7097862927551313
0.21344734498772056,0.8270476978741166
-0.04294005261542888,0.409176648315988
-0.46014687560263257,-0.6875180000145416
0.08521931241638936,0.6473809986742296
0.08521931241638936,0.8325790084279024
-0.6706180908908579,0.08737966085844584
0.7294871958192395,-0.022185163215128645
-0.14042445225581313,0.8375426396024925
0.12572962339116822,-0.9109895689942715
-0.07581974516829826,0.9372307636468362
-0.6954318791924246,-0.6954070587622743
0.342291358459889,0.4243926348987612
0.4750054232286527,-0.11069449568363865
-0.3384809151513004,-0.4541551245331985
-0.02928092093430079,0.22812336164857072
-0.15486024873550086,0.11127470499965364
0.14242232254647424,0.024896779296337268
0.6509238818936893,-0.056714360308981915
-0.5266822509529341,1.2372341357440242
-0.6489392154909739,0.31655361137049676
-0.728222984530801,-0.27667698943593644
0.3348194679044647,0.5652977901173746
-0.3818355596132619,-0.4937713572502531
0.8293068893171551,-0.4346306922044971
-0.730516639587713,0.05497293846104356
0.3479732535893536,-0.8136318793841875
-0.022636633622303837,0.6814029806536448
-0.022636633622303837,0.7848915167264616
0.22471210394331353,0.5510330615358543
0.22471210394331353,0.6982998433935401
-0.4066663386344833,-0.47203832147460845
-0.9516924646962688,0.05819350472117346
0.048751023006011085,0.3648557179075731
-0.5548965791412444,-0.6387406385321375
0.8932458119575555,0.20304511301770312
-0.2131091763684616,-0.5958530327084284
0.2854897751306089,0.5318308268379792
0.2854897751306089,0.8114339374993902
-0.6314424170313266,0.30246193123600396
-0.4277923254183462,0.10586758867367774
0.2088693035137208,0.5658212131743634
0.04366112028287228,-0.7120256900473214
0.4625048310176818,0.6843988479682701
0.7311672579348523,0.5568949359752675
-0.0377860175272704,0.33499681880548504
0.18230846330538308,-0.7184199596990959
0.6569079933712749,0.4149577827802584
0.5350064734203648,0.3562122760591877
-0.20530269804658352,-0.718331142629753
-0.09356568242505015,0.5602351358618409
-0.09356568242505015,0.773790092414872
-0.5190721290139269,-0.7998286751676902
0.5892004423128678,0.043509813051212154
-0.9184108771962542,-0.13761922314128405
-0.20708657135655328,0.8978627779236805
-0.6701679471833946,-0.5151079472642621
-0.038655173144095833,-0.5431593359536913
-0.5281154742950518,0.744579649883917
0.1339106891191908,-0.5985847357734759
-0.8426738964129203,0.22315526891459037
-0.37894085747783923,-0.5331324151673686
-0.5638724248414733,0.5414146896867149
0.5392632818941157,0.4353240172593942
-0.7767538486770587,-0.36686227292563856
0.7536836402194693,-0.6157500188566367
-0.5770844190367603,-0.207669892178878
0.40795695043112135,-0.7604938892802804
-0.05509607941910821,-0.21746296381005004
-0.48195323461105666,0.13901184376150244
0.6374574408786231,0.06665714802362999
0.4217465973345298,0.09535197654817984
0.27307291192029237,0.15334518123942154
0.566092553148601,0.39401362899969294
-0.4247955859886974,-0.09882698733692696
-0.49393824015489773,0.42733844537651233
-0.15594965016508366,-0.9618532115927092
0.307849125736934,-0.3709136159336719
-0.11444698615476079,0.8602970373560643
-0.6975882582297217,-0.2691461885876163
0.42547176350698246,-0.8314274793748049
0.3565967266722936,-0.04509900725674587
0.12226277379926587,0.42595880961281996
0.09257884175200326,-0.9339327000024833
-0.7320882149160624,-0.17457699201449328
-0.1661921754297251,-0.44789189482728475
-0.09283524465232351,0.8830536698688245
0.04308180279693974,0.13280321675143703
0.48359604631448705,0.579397069870599
0.48359604631448705,0.7563008783617031
-0.5198663945631063,-0.11206203638802581
-0.313027455149518,-0.34467351740866015
-0.6083344197910161,-0.5570167854422561
-0.054471394837666054,0.8845291123644616
-0.054471394837666054,0.988617806918067
-0.442589531853546,0.11218458720351987
0.5623228132380251,0.02939116937555908
-0.3560521970678845,0.5500586490520196
-0.183236943523432,0.9749962932689664
-0.183236943523432,1.202600023285263
-0.4939499622194672,-0.5280000523928796
0.5025668955512326,0.1702430761836904
0.8082263859405956,0.1934501918257947
0.8887320340423066,-0.005330452897257754
0.5971469094892512,-0.3671323928262409
0.09844785550984514,0.8460222251844609
0.09844785550984514,0.9844921284778524
0.007715393718032537,0.019691955734876254
0.12019574468562655,0.9211933735217546
0.11423494437914639,-0.6513776066763737
0.44615513446547217,-0.47178638617646906
-0.5133814653165694,0.7797275418594198
-0.5133814653165694,0.9752423082398822
-0.8348247201990457,0.13828693286806581
-0.9491594553573608,0.08100587164104267
0.1553886806005753,0.9294601208679125
-0.7153861316102177,-0.40134786315552184
0.5246487604525965,1.1238355302532699
-0.41074775640372563,-0.5514364092383834
0.963877867831076,-0.1334952298210199
0.3683199552053331,-0.5599608170150072
0.5055467508642466,-0.2863229478265885
0.631768474744387,-0.5371365307577225
0.9250924250304329,-0.23904686692152843
0.6937160429556006,-0.44844242720635097
-0.46449639067216664,-0.16552923732635905
-0.8524369019496969,-0.2422206789740835
0.17052082159875726,-0.39524698143934556
-0.017353208364400352,-0.2775418784229986
-0.5187867638489727,-0.6924533854576476
0.204366679865569,0.43739563267729564
-0.44686103501761254,-0.5510087362100893
-0.7644186478343356,-0.23053246314149334
0.13693483883545254,-0.17413803659632476
-0.5351381990463966,-0.8178124166126657
-0.12969304496999645,0.7811330072636833
-0.12969304496999645,1.0226508461171238
-0.2213313991207415,0.7246418043389418
0.5228726784211184,0.5084474960091592
0.5228726784211184,0.6328618114296686
0.4453652965689039,-0.45034759348287157
0.29715260257226417,-0.24338716841338015
-0.01566375762566352,-0.9652021967133386
0.411053489336475,0.14226306220101326
-0.7798089315718439,-0.15899971421326398
0.3450899673189527,-0.37575516244928386
0.7634561130588489,-0.34135747499425384
0.1887777569024096,0.26418866404184915
0.4354314110762785,-0.20391299943582974
0.5495756801647185,-0.5057737769455541
-0.002312882389186477,0.7207744188690328
-0.002312882389186477,0.9756056937353411
0.7379781924721691,0.5027842720662972
0.1232384223214964,0.012525878120802414
-0.3527340411187907,-0.2791464604040146
0.7048215319835129,-0.36275007507561696
-0.5751071330858122,0.5669211480653664
-0.5751071330858122,0.826066544467018
0.21078863713274898,0.15574900243956824
0.7544365637424613,0.5681230264946855
-0.40646466182477936,0.2287031118661551
-0.7762696608138857,0.3174938882578995
-0.9353015665491058,0.0670517466788978
0.1663811010596179,-0.3002834212286847
-0.24318028817195225,0.38904752725895775
-0.20929173321895678,-0.6000093603787127
0.6035949164575178,-0.04601438930188628
0.8067539203418905,-0.5164640681870278
-0.45785706360964284,0.09646783751193078
0.12918472952194704,0.5594872124509369
-0.47189436992224754,0.6099748604766866
0.14806683482593908,-0.5019046116499946
-0.3188447051635681,-0.1947989379104056
0.5227578383301101,0.04013393597895365
-0.008752077530653102,0.44623820959525284
-0.6740175584862169,0.26663954434753956
0.1866205253899449,0.8963987143791305
0.1866205253899449,1.1418206649028284
0.46602319834515415,0.701370964100825
0.22800928973385348,-0.23628365197206147
0.5789565536056038,-0.15224605019214454
-0.4875309407226809,0.6125526358757891
-0.4875309407226809,0.79835101456679
-0.2533374003284212,-0.0293307384835666
0.07340442075701237,-0.6927731730347688
-0.8489255238021907,-0.4229610628381739
-0.4512626252044669,0.6286977736514163
-0.3635952764697572,0.869943182136149
-0.4902613985736153,1.2098460552339223
-0.4248230924529115,-0.2054658336015558
0.6827728983129335,0.4090719191455525
0.09143851986108498,0.4168823987273511
-0.5860367184958659,-0.06684342324541026
-0.6927016082649289,0.6783593625944639
0.29270317635330234,0.6636827013059321
0.6881852925092189,-0.04859140946718088
-0.40145635933656076,-0.22373959768403817
0.05306635174985397,-0.4884808031499608
0.4854890159896834,-0.28968201485158995
0.3745972417585499,0.8906492982205474
0.18171691589630434,-0.2176571746104572
-0.2579678311387643,0.9325847001822618
0.12734155046587903,-0.5454625253460292
-0.1811861580790708,0.06721223299640977
0.324347309598388,0.6943427226512222
0.324347309598388,0.9145645480651543
0.3709825418549586,0.6112897386645384
0.3709825418549586,0.7729856393076837
-0.15007591095496986,-0.8451472990806641
-0.47532124699311273,-0.5703727348149563
-0.9184351049068755,0.0035854900222132002
-0.42920634057410423,0.05531153690943946
-0.2646873824537961,-0.17911773515666773
0.06732646100209116,0.7799235355106511
0.5884170192661293,-0.5400093380446611
-0.170777398426895,0.7238818552170558
0.29466499943153646,-0.8953815690816416
0.3203259780489356,-0.3097647300953075
-0.9716990927419944,0.013924630139711347
-0.47784954758639486,0.3447664587511221
-0.022572679553634956,-0.7248789895068786
0.591078929699903,-0.212264074038522
-0.9223259110622302,-0.029717106540829485
-0.061480565899241446,-0.9175294164802952
-0.7785631320837296,-0.4037022802170367
-0.6742796117768135,-0.4841434871633612
-0.12270809787651249,0.5970557150829658
-0.12270809787651249,0.8525569609305493
0.7017530231468401,-0.40340480368992004
0.6686516940320659,-0.42378412965710255
-0.44816490298406864,0.612876254644362
0.8744790213267319,0.36262567505879995
0.13081210582468028,0.3531743387503954
0.5592186284600194,-0.2371832797503255
-0.7799638047035486,-0.4348233737490863
-0.2301718460477613,0.5644493378332687
-0.36003009280303133,0.2672191610998367
0.15993453010736935,-0.42832052873809223
-0.1865044486581091,0.6472060678360263
0.4388862810581078,-0.5560368046426469
-0.7131630044158106,0.20296474592204095
-0.3958317166387808,-0.4992941677350735
0.19784197312003715,-0.2878942608534667
-0.5107434173765739,-0.5735219369139843
0.0016216687856429601,-0.7834559494344071
-0.6990610450646324,0.10973955181350914
0.9015709214580916,0.08023801076225268
-0.4257365991711828,0.5048935602020197
-0.4257365991711828,0.7648786581029445
0.24889432939659595,0.37060430934093325
-0.5330912824084424,0.8057321682160001
-0.5330912824084424,1.0393674935704713
0.733582480024656,-0.4160837685254857
-0.3000856877331759,-0.7600299404982964
0.23021730993868195,-0.21362545333883487
-0.3599151206605613,-0.9105397065288108
0.07698866060005649,0.5876732552184556
-0.2452919074247506,0.2681025168663893
0.717980189154503,0.5230513485113402
0.3568734921450909,0.26011089952530364
-0.25978075963181,-0.681465524209848
0.11949684320343468,-0.08179925580596925
0.6218634820015991,0.37882488553967386
-0.7596286065659261,0.313389698658709
0.29889585078773884,0.5797265255846136
0.29889585078773884,0.839774288425082
-0.2050579775443233,-0.393541805138385
-0.3204667046356464,-0.8754359301327186
-0.38623728042039995,-0.8205879224160553
-0.9136240315450956,-0.11111194569601479
0.5555663695349393,-0.3037981477772991
0.16150114926093462,0.008624623315695024
-0.4666059381300798,-0.4605968393683155
0.6066070855690133,-0.04120774178730957
0.37378843981454746,-0.36744326067557265
0.6088619248996032,-0.7613299320476372
-0.8416696234823138,0.004023031355161244
0.3350529811791241,0.7707015754992799
0.8492239094971603,-0.5271868330923342
-0.3637218536288509,0.49737257320783534
0.46340776622591795,-0.8715639553765724
-0.5282835638507597,0.3524777242349728
-0.5366722865615885,0.1924366539269351
0.18940294650267142,0.48139613219497024
0.17828901977732614,0.004408495545284774
-0.7248207144546539,0.06913481806390886
0.5833108761272716,1.2061947702335927
-0.053736562755043904,0.327181733833539
-0.5083132880573622,0.7936209660415317
-0.11742272121601038,0.23957405284882394
-0.41347047143215754,0.3587284638310253
-0.13910761506430758,0.7641677918838257
-0.13910761506430758,0.8824891458015519
-0.20801589280382693,0.6661085137431122
-0.6152107968097773,0.05061848093602639
0.006495087862683713,0.47301591171669366
-0.9658517810115383,-0.13006495535679852
0.8735435196389258,-0.4088847885993758
-0.7587508393178521,0.09917952953501241
0.1496442326328984,0.3635015012906899
0.023556832197358712,0.46305882221012906
0.31167115991495886,-0.26841160291607413
0.207100254174857,-0.37013529942413625
-0.262616862717451,0.9315988217260571
-0.262616862717451,1.2261268037848438
-0.5712725583609797,-0.2155685693226701
-0.19216424101429141,-0.8123379858294171
-0.40473605893085063,0.5397831143833043
0.3920970937803083,0.7370338625528114
-0.6943906824666541,-0.4093550064252718
-0.07490327384038453,0.1391836321083355
0.2896358258253049,-0.07536195458510431
0.4640078574604112,-0.1127497833424258
0.21075558631856373,-0.36510798154869684
-0.8522932501279732,0.1774780273844223
-0.561751756892517,1.012291356086402
0.24590506838257276,0.1848888276909837
0.3789923676212983,-0.6440838426575841
0.2168960712251351,-0.023283467820574444
0.19012230972021937,-0.43864382696280346
-0.6751753592653962,-0.20925731295089722
-0.8267374899333693,-0.16881269820856426
-0.3580755386392047,-0.5285832028065156
0.35242026765682843,-0.48930626618619133
0.0658828393271309,0.09969670874340064
-0.3622737853953235,-0.16890621571606346
-0.3386537476537812,0.2203589250252891
-0.258364280447845,-0.027387483665193724
-0.3578971367939596,-0.746696105912924
-0.45660827404987914,0.11424151003983152
0.6071222190117367,0.16837996819569745
0.048675879299556746,-0.4145251163263366
0.0013808070772518555,0.6950888533881296
-0.2797293672954655,-0.26564937854958903
0.6814576073350311,-0.43512790445979843
0.1890452287832698,-0.801515960372118
-0.18213321993347686,-0.46121872026177946
0.028961862691172735,0.9352297633956026
-0.17046818962953125,0.718643113123171
-0.17046818962953125,0.8379734280167911
0.09866789334259307,0.4657416391171729
0.1733111912022134,-0.46459261565663934
0.25508948196796877,0.06017202495058749
0.4957396546120003,-0.47096642346586637
-0.5601204012234879,0.22945535125167016
0.7685116631088447,0.3231765916504339
0.09361608262314647,-0.5611908972452337
-0.2688509952924847,-0.6988126946479671
-0.9435446468298412,-0.1432678513151071
0.49434700748199334,0.025615381168207385
-0.5247234100870897,-0.43413100628681556
0.3475222397663189,0.5193096132090282
-0.3429140518560032,-0.10515547220455512
-0.3692657633241747,0.7280639609922488
0.794254385588449,0.12175517944503822
0.02319819732852757,-0.2986274210574913
-0.3583346734011639,1.1327045562487617
0.6442442869714398,-0.06988727922576476
0.1698504782290866,-0.5997052536383674
0.3534081225940895,-0.39067989857469265
0.03515178656156981,0.48432433793896346
-0.7275049077465492,-0.4668952629979317
0.2590037510891925,-0.8063280803927144
-0.8756497122944804,-0.43165502984851223
0.6148247713624018,0.4868810916174533
0.4501900880826095,-0.5225090181441674
-0.6950559040617932,-0.34310159768532245
-0.16483793987096917,0.22590629426876352
-0.05816566733640527,0.2718096052271448
-0.26373060299992024,0.3261807410817221
-0.13724642281052035,0.6116254103513792
-0.3776302022177116,0.11982557520795156
0.4717509066278067,-0.5400548527879803
-0.31966267174212315,-0.8630001444672235
0.838548421238055,0.16967315591363774
0.9636078941893722,-0.1418372538214412
-0.6878993962729818,-0.03432019351925519
-0.8220300412962933,-0.4169270306475694
-0.395909166863752,0.2260719682050023
-0.4536165877600731,0.24685708810436902
-0.14750876872516905,0.16902661987783518
0.3649212346180195,0.3458584726947278
0.6483028945148439,0.36905625790920293
-0.3217908064303421,0.7845397252993209
-0.3217908064303421,0.9175824813994251
0.4798907099822316,-0.33604451201552044
0.4119858448930376,0.144352317645857
0.6382000717450631,0.5326398816021933
-0.4584912212037766,0.5836890275587145
0.3025128152322487,-0.7219173716988132
-0.5436754513972184,-0.04094255444387929
-0.7958691082337921,-0.40044601641762556
0.21500981610937764,-0.11285022093619501
-0.8026450703453833,0.5505673366206902
0.3417953516508594,0.5933502692034036
-0.27126691830605365,0.2855000845051787
-0.13463844355084076,-0.3472587632210158
0.0617145379915498,-0.879457365000643
-0.34902702848560296,-0.5905704808553638
0.1366422262985838,-0.6613395187735549
0.07436766947677542,-0.35280292224267007
-0.39311153711318925,-0.3709424518140956
-0.7290926291792166,-0.2969508396755305
-0.5292741469840634,-0.3780177404341607
-0.31359913487441515,0.8135878601794284
-0.31359913487441515,1.0855901912331052
-0.10711425128367535,-0.7990925037052528
0.5516151400147966,0.5800287587502135
0.5516151400147966,0.773982509447683
-0.6575624500826394,-0.0860651504116845
0.8826126503806335,-0.2132411408666146
0.04416114385486747,-0.12434296185469296
-0.6628830727020449,-0.3337746278725431
0.007902174120024918,-0.10088636667462647
0.32587447510749024,0.8506266721747819
0.32587447510749024,1.1398061327195348
-0.4181515490966159,0.6951254153934392
-0.4181515490966159,0.9212345584073076
-0.7565555387707248,-0.535682831705983
-0.7365538633170186,-0.050145275797404354
0.3938817397184313,-0.8803100503094472
0.16518015129074315,-0.636324999493612
-0.3581904606345987,-0.6676443772002056
-0.3329576416902207,-0.7336006573892675
0.2631101771379307,0.3539343668253747
-0.58376901121028,0.44955818624797295
0.58191147802125,0.631841378508883
-0.545623028898576,0.5731400166327891
-0.545623028898576,0.7437346234393468
-0.20868558108745439,-0.26352938582377394
-0.8414289036685403,-0.4625484622807736
0.5066215202992459,0.38348601968054497
0.512195769856929,0.03286940526282711
-0.7574962945160462,-0.6475414840676581
0.31098618181372384,-0.32438766355474113
0.6141525914779928,-0.5650366066244452
0.5642191584507914,-0.16272616329609324
0.2738336256276077,-0.8021550209772763
-0.2941571787824184,0.6743457552874377
-0.5257432365929111,-0.3364259966858092
0.5973269421188638,0.3355824821165536
-0.10993161949256347,0.2604401986088243
0.07998739474140537,-0.5615787792984233
0.6273434049413633,0.44761467311213554
0.383724622609418,-0.7517365948738208
-0.6424662319623582,0.0808155979734444
-0.4080706338977378,-0.19360313474982305
-0.790307897146854,-0.4237431518241801
0.3142535969148097,0.39251755499500374
-0.28242381725843835,0.8165027332294412
-0.2495667271730868,-0.5154467878857614
0.5635602466852201,-0.5009260145141401
-0.42490046170250007,-0.7744263500931934
-0.45059378112705195,0.2086058346895625
-0.24808327790017737,0.4351874613572597
-0.7220262021111696,-0.5138521076803411
0.7161800508183107,0.6801950115863757
-0.5055726466256312,0.6271175427373155
-0.5055726466256312,0.8550324863644015
-0.1424497194863834,-0.3752642950502736
0.5536854256908366,0.4621121144030642
-0.5676579951642169,-0.3242928309398747
0.43591579440024697,0.39289497213344604
-0.19797778925037557,-0.36729277920264414
-0.546946253151102,-0.08970410663928363
0.5302060092475653,0.2466746832787865
-0.3473887036028118,0.5724702704501545
-0.3473887036028118,0.8506511969665456
-0.3752876651960999,0.5938944596918618
-0.10225629153975091,0.6492390794677041
0.08398345417645259,-0.9257851471881728
-0.9082514718459649,-0.23068688392968362
0.4720702333541351,-0.20573047866404082
0.2672791205329539,-0.6392061631712915
0.26417774487977774,0.8029697832863267
0.26417774487977774,1.0398392824849942
-0.49974735600361875,0.24588548852408554
-0.8814331870995358,-0.43130127768880255
-0.3365236716701263,-0.76182079356934
-0.5168134547631937,-0.4590658804109091
0.42105757373500863,0.40495728379621987
0.5114109969312943,-0.6831906728278756
0.29321888972548815,-0.20282947196011647
-0.13335747442846113,0.9640351210133469
0.060025778538412844,0.4459715533279116
-0.961833948924737,0.2731056320506893
-0.5673688347422277,0.0431926867981105
-0.19014299167638526,-0.1979347758512413
0.5912757358042386,-0.3911059286845906
0.14614199050436127,-0.3724197133371736
0.6609522750340178,0.44579055777121357
-0.7594426466337052,-0.6483803732889855
0.2708917554713721,-0.865999590034515
-0.13348221143358208,0.6485845877429082
-0.13348221143358208,0.7638441977676714
-0.6060055460967662,-0.023037645272150353
-0.28808381089439083,0.7967462939949865
-0.4861063831460328,-0.7280773571317565
0.7356176955458837,0.5268543516412532
0.4836362466941093,1.1457691218253803
-0.034720435462718635,-0.29146916515449806
-0.12943338452395992,0.5613494778759993
-0.12943338452395992,0.7508702402429095
-0.09799673910947204,0.08871722518568403
0.6808285358392598,0.06443958582904319
0.05118899844928859,0.9341113908750946
0.7813599351221077,0.5602016253946005
0.7806326854471219,0.28899591744029074
-0.328905160274513,-0.7414100923551667
0.4522515330854091,-0.548358275445197
-0.7699193852441157,0.4113788038515773
-0.23252792083774443,-0.5567617219484953
0.765450307501498,0.19459535536963735
-0.3032491591156241,-0.011283301532421852
-0.8178805859038962,0.2338426009790524
-0.7096033835022051,0.13562875368923732
-0.05651589105451538,-0.7551275928203665
-0.18969749488535737,-0.016288227025239355
-0.5291672306971758,-0.7395937761664435
0.6479850286183024,-0.4789981272444366
-0.2174785934518222,0.4601587250230743
-0.4119546628838726,0.9027680682145505
0.3491583861389749,0.39628833124098817
-0.9126721644708773,-0.2755897970849781
0.3672013208630043,-0.24100922124307056
0.14332482395359647,0.29276117684841907
0.40050675814429315,0.638036920225959
0.0072134066480131764,-0.6793978243897971
-0.34966484241893814,-0.39115925480806646
-0.299424980627073,-0.7557140898968104
0.30207028732234686,-0.26847455089999595
0.0728294677887138,0.3140966211057088
-0.008054999853488676,0.5423107281542956
-0.008054999853488676,0.7653673926465345
-0.5155275941694284,0.29477904573737024
0.7954174934355653,-0.33350941139617385
0.2080502078219053,-0.0963649755023821
0.362633827945102,0.758428479291783
0.362633827945102,1.0006535218394095
-0.6442033102037232,-0.18240669520532293
0.8268210750414906,0.5326581821588658
0.5430324623214935,0.48031749402592894
-0.46526845502008096,-0.48635711312827157
0.6973780227021986,-0.5255402841894745
-0.3120953726990223,-0.7859770377173709
-0.15755354912964536,0.2517286172312754
0.34091208286188746,0.8616621827726054
0.34091208286188746,1.0816526317396977
0.7109688598223192,0.045774413996352514
-0.6349546031238409,-0.24827386207504598
-0.5177992863008549,0.6329725525429712
0.022487566409221005,0.44347404356661113
0.2028344044185404,0.4912817912237093
0.03838202536156099,-0.46799021811903674
0.7416693690228762,0.1981159222876141
-0.1609797656757237,0.5814686612724971
-0.82354115947378,0.2191753280455795
0.4063114471434721,-0.8115175311000038
-0.40958077917204094,0.4442874180190415
0.48468510884112614,-0.04520527097821936
-0.9298022436087761,-0.21841113671981982
0.5966623514113452,-0.4359148342859964
0.44981429371369264,-0.4154217173634276
0.49918002334138656,-0.7544729114677784
-0.23430041725876505,-0.4652184536487156
0.5325565345344097,0.6560900773868226
-0.7444225339437915,-0.4515442849821161
-0.5192347292894279,-0.1958970861613829
-0.5841696941196532,0.6113401579169206
-0.5841696941196532,0.7847052937227862
-0.9354529605594959,-0.016688423055287727
-0.7067742033518429,0.008109526341011364
0.6831951480154619,-0.2533828255623001
-0.028659203839153324,0.25573198296985167
0.9764997835029281,-0.06494705876398976
0.49836622323356883,-0.2932895517545364
-0.40412820737518373,0.9059744647561943
-0.34818862961120756,0.4913809116199943
-0.5209895915741791,-0.3817966439665812
-0.5932286213533364,-0.09790965877952518
0.061324897051468374,-0.8841705266715527
0.6811748297666598,0.4713857998773576
-0.7192270887862595,-0.1352743076253624
-0.44894168562553793,0.1478305308484802
-0.50911905146523,0.08428710304346021
0.3551360521854654,-0.5651079347432799
0.7448595064075003,-0.1370382268646686
0.8862587708750855,-0.20150900557330975
0.5143522688055231,-0.6564015632495426
-0.2067982527793708,0.1664369595449826
-0.8131767745944387,-0.154074757599036
0.7878515147230292,0.3595530853937601
-0.13416712746469117,-0.23299797290515745
0.30667837350692584,-0.25012292042723905
-0.43387921471955937,-0.5306371391347258
0.5183633479093848,0.0011519210059611762
0.16870969391716106,0.33043185525136054
-0.0010847975657257702,0.6419274551336811
-0.0010847975657257702,0.794718925160645
0.6961447268641265,0.6265423455372632
-0.28246569117378306,0.12506024836627994
-0.7443099370435733,-0.5584468513793184
0.22342390481211138,-0.5335712119774512
0.5039858502611532,0.6776199772060847
0.5039858502611532,0.9038749244881464
-0.5868799758030923,-0.6610238617121251
-0.18323630718318173,0.8190466136620516
-0.18323630718318173,0.9857843299654235
0.7332022167037249,0.01897700905731403
0.08007071340666916,-0.7807867454732416
-0.7086049768650602,0.5139961080052553
0.8011582676542279,0.23637528021119203
-0.24326409466891108,0.26338347619616487
0.5829215324502801,0.2825305954278665
0.2250191850667984,0.6282884471712391
0.2250191850667984,0.8190780121863459
0.18551251436310445,0.8073424903863089
-0.382081545141322,-0.7777408627067284
-0.6324989024312988,0.27235088651304995
0.23184622927494103,0.10457479095509492
0.5957121992329455,-0.5802090648089653
0.7552952682364182,0.38748779155513025
-0.0818708962043222,-0.6081944521698734
-0.7494538402282565,0.45385976478767276
0.2140134249725798,-0.050666095669453126
-0.4139213510138551,-0.36120136957554494
0.35173833098817187,-0.9359146161082632
-0.650203121835307,0.42444377455436744
0.23972338486122502,-0.33634723286506363
0.7541061095775061,-0.6236180842673551
0.2523757183144446,0.3141962456645111
0.16828861317269528,-0.13953694716707687
-0.09864183474687538,0.39114679137271513
0.7754894030739343,-0.3636769527371202
0.0072523508408735005,-0.08102808283130614
0.6842425344531982,0.46357163313935
-0.8343393225854265,-0.5280474432844098
-0.21587546117471001,-0.48567455561949324
0.19234879301033558,-0.7659685324339893
0.783845831779657,0.28909146171065636
0.5203943213376143,0.09784182871511926
0.701758995077955,-0.3379484806198161
-0.30863696875992686,0.7034707475294064
-0.1325458765363463,0.9901688028537139
-0.1325458765363463,1.1882133789016658
0.5826817083531968,-0.171710441415575
0.7650790242820757,0.05217122257978524
-0.20816860398597536,0.5346386550850513
-0.19419426927285222,0.43952627294401103
-0.08382173118477287,0.01905287648649967
0.6382467173496831,0.46190504854268166
-0.07050731914079944,-0.23690198235649462
0.31448688373691835,-0.47183960731018826
0.7539437641536697,-0.06936618204109313
-0.44421014226007927,-0.08207864173169832
-0.8689687879533292,-0.3525027477111127
0.5919188274353224,0.15429024278393322
0.4771834143791136,-0.4157491593797855
0.5629867411511329,-0.722180503886585
0.5549055445374407,0.7855017291810482
-0.5266404838465206,-0.5492499938466906
0.20618762868357798,-0.6739688750979573
0.6100006254473438,0.3629153263686997
-0.7527416379916838,-0.257025660421913
0.0954208347043739,0.9930179369102892
-0.41583986375828297,-0.12981109868277385
-0.22494485709156042,0.7857312984885076
-0.28086255824718687,0.19208372814135455
0.8467245963156624,0.11199027954948715
0.5967524616517978,-0.7797123778654707
-0.8233469863548757,-0.4764459814980022
0.35543583073189944,0.20250563399146815
-0.7140099844441521,-0.4559255422389401
-0.28711870640794435,-0.056017470661390956
-0.7236315576260097,-0.4075973529935373
0.27277171572081493,0.03558495408392104
-0.38710507429274554,0.10927354523885735
0.28715686519106653,0.7511006670212359
0.3173752230153082,0.7458568396263836
0.3173752230153082,0.9884434826466801
0.21474399916053621,0.7624327017581574
0.21474399916053621,0.952385812188566
0.3961295899112185,-0.7595951399598204
-0.23666382824363308,-0.3401337767302288
0.13000609837180077,-0.5987396871889148
0.3451368158911561,-0.7696890227782245
-0.5074508679144125,-0.35268109083429056
0.29911603839820944,-0.7791328817910457
-0.08744028421691974,-0.8277091429781827
0.477753316719127,-0.8762700688510314
-0.5480524286898347,-0.5749991374931245
-0.46926803484197555,0.03051195027889153
-0.259150450598429,0.36133437127261603
-0.9245281602658579,0.1616201691344583
-0.07337341929073427,0.1482443559409603
-0.5900255708841862,-0.27635251994830257
0.5542698970048554,-0.09871863027954908
0.34722325306657154,-0.3920783688087732
0.37277065005228627,-0.5939455992024676
-0.13150055998718635,0.03562839239150284
0.5631965009886049,-0.6403444435584031
0.6747119860316915,0.7045035708384315
-0.4958683303348952,-0.28999014097763265
0.6341437600864874,0.6055671010592687
-0.4331959112221353,0.12816757548848856
0.6584763933948845,0.11688661358622299
0.5983172391353035,-0.005146212531128125
0.17514775297522256,-0.024802931047684718
0.44648143897098547,-0.35872106457361674
-0.37908588553535427,0.011135214411253758
